{"best/epoch": 43, "best/precision": 0.6247237552416613, "best/recall": 0.5157724559043821, "best/mAP_0.5": 0.5142490599121912, "best/mAP_0.5:0.95": 0.3486644182986191, "Labels": {"_type": "images/separated", "width": 1600, "height": 1600, "format": "jpg", "count": 2, "filenames": ["media/images/Labels_0_6a8f59fc6aa009749c54.jpg", "media/images/Labels_0_538d6d4e59f135648635.jpg"], "captions": ["labels.jpg", "labels_correlogram.jpg"]}, "Mosaics": {"_type": "images/separated", "width": 1920, "height": 1920, "format": "jpg", "count": 3, "filenames": ["media/images/Mosaics_0_42113a69313fce0685f1.jpg", "media/images/Mosaics_0_b716b9f690bbfd90b3a9.jpg", "media/images/Mosaics_0_dcbb61ae0a6006eaad59.jpg"], "captions": ["train_batch0.jpg", "train_batch1.jpg", "train_batch2.jpg"]}, "train/box_loss": 0.025168316438794136, "train/obj_loss": 0.008688431233167648, "train/cls_loss": 0.002522558905184269, "metrics/precision": 0.6221253649186027, "metrics/recall": 0.515954033449118, "metrics/mAP_0.5": 0.5143514559289062, "metrics/mAP_0.5:0.95": 0.3486660906908845, "val/box_loss": 0.030950894579291344, "val/obj_loss": 0.008601685054600239, "val/cls_loss": 0.046288322657346725, "x/lr0": 0.0029710000000000006, "x/lr1": 0.0029710000000000006, "x/lr2": 0.0029710000000000006, "_timestamp": 1683594068.2390664, "_runtime": 44121.940984249115, "_step": 144, "Validation": {"_type": "images/separated", "width": 1920, "height": 1464, "format": "jpg", "count": 6, "filenames": ["media/images/Validation_144_ebce85dc5bd9d92593f8.jpg", "media/images/Validation_144_b21769fba9d9785b4912.jpg", "media/images/Validation_144_fcaf1b6544fa6d0e1d5d.jpg", "media/images/Validation_144_0fb7ac22a81be78ea5df.jpg", "media/images/Validation_144_6769aebab1375528dc10.jpg", "media/images/Validation_144_44deb922cb2a1ac70a4b.jpg"], "captions": ["val_batch0_labels.jpg", "val_batch0_pred.jpg", "val_batch1_labels.jpg", "val_batch1_pred.jpg", "val_batch2_labels.jpg", "val_batch2_pred.jpg"]}, "Results": {"_type": "images/separated", "width": 2400, "height": 1200, "format": "png", "count": 6, "filenames": ["media/images/Results_144_5401c14cb6ccfc59a969.png", "media/images/Results_144_9b2e596d0f597b4bd6c9.png", "media/images/Results_144_ebb35efba11446765dfc.png", "media/images/Results_144_d80f4003782643c464f3.png", "media/images/Results_144_d363a52715723df8a5ec.png", "media/images/Results_144_8aedcaad528449c6b96b.png"], "captions": ["results.png", "confusion_matrix.png", "F1_curve.png", "PR_curve.png", "P_curve.png", "R_curve.png"]}, "_wandb": {"runtime": 44120}}